{
  "name": "commandline-chic",
  "about_url": "https://github.com/freeCodeCamp/discourse-theme",
  "license_url": "https://github.com/freeCodeCamp/discourse-theme/blob/master/LICENSE",
  "authors": "FreeCodeCamp",
  "theme_version": "1.1",
  "assets": {},
  "color_schemes": {
    "light": {
      "primary": "0a0a23",
      "primary-high": "545465",
      "primary-medium": "858591",
      "primary-low-mid": "b6b6bd",
      "primary-low": "e7e7e9",
      "primary-very-low": "f8f8f8",
      "secondary": "ffffff",
      "secondary-high": "9d9da7",
      "secondary-medium": "737382",
      "secondary-low": "3b3b4f",
      "header_background": "0a0a23",
      "header_primary": "fff",
      "tertiary": "0088cc",
      "tertiary-low": "cce7f5",
      "tertiary-medium": "80c4e6",
      "tertiary-high": "4dacdb",
      "quaternary": "0088cc",
      "quaternary-low": "99cfeb",
      "highlight": "0088cc",
      "highlight-low": "e6f3fa",
      "highlight-medium": "99cfeb",
      "highlight-high": "045688",
      "danger": "e45735",
      "danger-low": "faddd7",
      "danger-medium": "ec8972",
      "success": "019245",
      "sucess-low": "cce9da",
      "sucess-medium": "67be8f",
      "love": "fa6c8d",
      "love-low": "fee2e8"
    },
    "dark": {
      "primary": "ffffff",
      "primary-high": "b6b6bd",
      "primary-medium": "858591",
      "primary-low-mid": "545465",
      "primary-low": "232339",
      "primary-very-low": "11112a",
      "secondary": "0a0a23",
      "secondary-high": "6c6c7b",
      "secondary-medium": "9696a0",
      "secondary-low": "ceced3",
      "header_background": "0a0a23",
      "header_primary": "fff",
      "tertiary": "0088cc",
      "tertiary-low": "082345",
      "tertiary-medium": "054978",
      "tertiary-high": "036299",
      "quaternary": "0088cc",
      "quaternary-low": "063c67",
      "highlight": "0088cc",
      "highlight-low": "091734",
      "highlight-medium": "063c67",
      "highlight-high": "66b8e0",
      "danger": "e45735",
      "danger-low": "361927",
      "danger-medium": "a34030",
      "success": "019245",
      "sucess-low": "08252a",
      "sucess-medium": "055c37",
      "love": "d41313",
      "love-low": "3a1e38"
    },
    "dark-low-contrast": {
      "primary": "f5f6f7",
      "primary-high": "b4b4bc",
      "primary-medium": "888995",
      "primary-low-mid": "5c5d6d",
      "primary-low": "313146",
      "primary-very-low": "222238",
      "secondary": "1b1b32",
      "secondary-high": "727381",
      "secondary-medium": "9798a2",
      "secondary-low": "c9cad0",
      "header_background": "0a0a23",
      "header_primary": "fff",
      "tertiary": "0088cc",
      "tertiary-low": "082345",
      "tertiary-medium": "054978",
      "tertiary-high": "036299",
      "quaternary": "0088cc",
      "quaternary-low": "063c67",
      "highlight": "0088cc",
      "highlight-low": "091734",
      "highlight-medium": "063c67",
      "highlight-high": "66b8e0",
      "danger": "e45735",
      "danger-low": "361927",
      "danger-medium": "a34030",
      "success": "019245",
      "sucess-low": "08252a",
      "sucess-medium": "055c37",
      "love": "d41313",
      "love-low": "3a1e38"
    },
    "dark-very-low-contrast": {
      "primary": "dddee0",
      "primary-high": "a9aab2",
      "primary-medium": "878893",
      "primary-low-mid": "656574",
      "primary-low": "424255",
      "primary-very-low": "36364b",
      "secondary": "313146",
      "secondary-high": "767684",
      "secondary-medium": "93949e",
      "secondary-low": "bbbbc1",
      "header_background": "0a0a23",
      "header_primary": "fff",
      "tertiary": "0088cc",
      "tertiary-low": "082345",
      "tertiary-medium": "054978",
      "tertiary-high": "036299",
      "quaternary": "0088cc",
      "quaternary-low": "063c67",
      "highlight": "0088cc",
      "highlight-low": "091734",
      "highlight-medium": "063c67",
      "highlight-high": "66b8e0",
      "danger": "e45735",
      "danger-low": "361927",
      "danger-medium": "a34030",
      "success": "019245",
      "sucess-low": "08252a",
      "sucess-medium": "055c37",
      "love": "d41313",
      "love-low": "3a1e38"
    }
  },
  "learn_more": "https://meta.discourse.org/t/beginners-guide-to-using-discourse-themes/91966"
}
